timestamp,voltage,current,temperature,humidity,light_intensity,thermistor_temp,efficiency,relay_status,fault_type,confidence,power
2026-02-10T21:29:19.299668,0.71,-8.490028,0.0,0.0,1119.0,16.17272,0.0,False,Short_Circuit,46.666666666666664,-6.03
2026-02-10T21:29:21.507061,0.71,-8.490028,0.0,0.0,1119.0,16.17272,0.0,False,Short_Circuit,46.666666666666664,-6.03
2026-02-10T21:29:24.104078,0.775,-8.490028,0.0,0.0,1135.0,16.32471,0.0,False,Short_Circuit,46.666666666666664,-6.58
2026-02-10T21:29:26.561032,0.775,-8.490028,0.0,0.0,1135.0,16.32471,0.0,False,Short_Circuit,46.666666666666664,-6.58
2026-02-10T21:29:29.052325,0.71,-8.490028,0.0,0.0,1148.0,16.28436,0.0,False,Short_Circuit,46.666666666666664,-6.03
2026-02-10T21:29:31.683800,0.71,-8.490028,0.0,0.0,1148.0,16.28436,0.0,False,Short_Circuit,46.666666666666664,-6.03
2026-02-10T21:29:34.246752,0.71,-8.490028,0.0,0.0,1102.0,16.40366,0.0,False,Short_Circuit,46.666666666666664,-6.03
2026-02-10T21:29:36.695380,0.71,-8.490028,0.0,0.0,1102.0,16.40366,0.0,False,Short_Circuit,46.666666666666664,-6.03
2026-02-10T21:29:39.247925,0.71,-8.490028,0.0,0.0,1118.0,16.11129,0.0,False,Short_Circuit,46.666666666666664,-6.03
2026-02-10T21:29:41.702659,0.71,-8.490028,0.0,0.0,1118.0,16.11129,0.0,False,Short_Circuit,46.666666666666664,-6.03
2026-02-10T21:29:44.421031,0.71,-8.490028,0.0,0.0,1122.0,16.37578,0.0,False,Short_Circuit,46.666666666666664,-6.03
2026-02-10T21:29:47.222859,0.71,-8.490028,0.0,0.0,1122.0,16.37578,0.0,False,Short_Circuit,46.666666666666664,-6.03
2026-02-10T21:29:51.767383,0.71,-8.490028,0.0,0.0,1119.0,16.14737,0.0,False,Short_Circuit,46.666666666666664,-6.03
2026-02-10T21:29:54.081213,0.71,-8.490028,0.0,0.0,1125.0,16.32513,0.0,False,Short_Circuit,46.666666666666664,-6.03
2026-02-10T21:29:57.099909,0.71,-8.490028,0.0,0.0,1125.0,16.32513,0.0,False,Short_Circuit,46.666666666666664,-6.03
2026-02-10T21:30:03.482460,0.71,-8.490028,0.0,0.0,1117.0,16.15425,0.0,False,Short_Circuit,46.666666666666664,-6.03
2026-02-10T21:30:06.226746,0.71,-8.490028,0.0,0.0,1126.0,16.15467,0.0,False,Short_Circuit,46.666666666666664,-6.03
2026-02-10T21:30:09.026327,0.71,-8.490028,0.0,0.0,1125.0,16.16156,0.0,False,Short_Circuit,46.666666666666664,-6.03
2026-02-10T21:30:12.210430,0.71,-8.490028,0.0,0.0,1125.0,16.16156,0.0,False,Short_Circuit,46.666666666666664,-6.03
2026-02-10T21:30:14.613167,0.71,-8.489532,0.0,0.0,1115.0,16.11,0.0,False,Short_Circuit,46.666666666666664,-6.03
2026-02-10T21:30:17.090298,0.71,-8.489532,0.0,0.0,1115.0,16.11,0.0,False,Short_Circuit,46.666666666666664,-6.03
2026-02-10T21:30:19.694028,0.71,-8.490028,0.0,0.0,1106.0,16.14007,0.0,False,Short_Circuit,46.666666666666664,-6.03
2026-02-10T21:30:22.703625,0.71,-8.490028,0.0,0.0,1106.0,16.14007,0.0,False,Short_Circuit,46.666666666666664,-6.03
2026-02-10T21:30:25.332655,0.71,-8.490028,0.0,0.0,1125.0,15.99139,0.0,False,Short_Circuit,46.666666666666664,-6.03
2026-02-10T21:30:27.970834,0.71,-8.490028,0.0,0.0,1125.0,15.99139,0.0,False,Short_Circuit,46.666666666666664,-6.03
2026-02-10T21:30:30.598313,0.71,-8.489734,0.0,0.0,1120.0,16.42083,0.0,False,Short_Circuit,46.666666666666664,-6.03
2026-02-10T21:30:33.344933,0.71,-8.490028,0.0,0.0,1127.0,16.38092,0.0,False,Short_Circuit,46.666666666666664,-6.03
2026-02-10T21:30:36.103012,0.71,-8.490028,0.0,0.0,1127.0,16.38092,0.0,False,Short_Circuit,46.666666666666664,-6.03
2026-02-10T21:30:38.526837,0.71,-8.490028,0.0,0.0,1122.0,16.38006,0.0,False,Short_Circuit,46.666666666666664,-6.03
2026-02-10T21:30:41.033685,0.71,-8.490028,0.0,0.0,1122.0,16.38006,0.0,False,Short_Circuit,46.666666666666664,-6.03
2026-02-10T21:30:43.757621,0.71,-8.490028,0.0,0.0,1121.0,16.03952,0.0,False,Short_Circuit,46.666666666666664,-6.03
2026-02-10T21:30:47.791803,0.71,-8.490028,0.0,0.0,1121.0,16.03952,0.0,False,Short_Circuit,46.666666666666664,-6.03
2026-02-10T21:30:50.334392,0.71,-8.490028,0.0,0.0,1130.0,16.22169,0.0,False,Short_Circuit,46.666666666666664,-6.03
2026-02-10T21:30:52.989995,0.71,-8.490028,0.0,0.0,1130.0,16.22169,0.0,False,Short_Circuit,46.666666666666664,-6.03
2026-02-10T21:30:55.613215,0.71,-8.490028,0.0,0.0,1144.0,16.43928,0.0,False,Short_Circuit,46.666666666666664,-6.03
2026-02-10T21:30:58.198921,0.71,-8.490028,0.0,0.0,1144.0,16.43928,0.0,False,Short_Circuit,46.666666666666664,-6.03
2026-02-10T21:31:01.155470,0.71,-8.490028,0.0,0.0,1122.0,16.27405,0.0,False,Short_Circuit,46.666666666666664,-6.03
2026-02-10T21:31:03.739485,0.71,-8.490028,0.0,0.0,1135.0,15.98924,0.0,False,Short_Circuit,46.666666666666664,-6.03
2026-02-10T21:31:06.079915,0.71,-8.490028,0.0,0.0,1135.0,15.98924,0.0,False,Short_Circuit,46.666666666666664,-6.03
2026-02-10T21:31:08.641491,0.71,-8.490028,0.0,0.0,1122.0,16.22898,0.0,False,Short_Circuit,46.666666666666664,-6.03
2026-02-10T21:31:11.734915,0.71,-8.490028,0.0,0.0,1122.0,16.22898,0.0,False,Short_Circuit,46.666666666666664,-6.03
2026-02-10T21:31:14.158847,0.71,-8.490028,0.0,0.0,1159.0,16.07261,0.0,False,Short_Circuit,46.666666666666664,-6.03
2026-02-10T21:31:16.727259,0.71,-8.490028,0.0,0.0,1159.0,16.07261,0.0,False,Short_Circuit,46.666666666666664,-6.03
2026-02-10T21:31:19.542343,0.71,-8.490028,0.0,0.0,1135.0,15.9815,0.0,False,Short_Circuit,46.666666666666664,-6.03
2026-02-10T21:31:22.258080,0.71,-8.490028,0.0,0.0,1135.0,15.9815,0.0,False,Short_Circuit,46.666666666666664,-6.03
2026-02-10T21:31:24.618961,0.71,-8.490028,0.0,0.0,1131.0,16.11344,0.0,False,Short_Circuit,46.666666666666664,-6.03
2026-02-10T21:31:27.108158,0.71,-8.490028,0.0,0.0,1131.0,16.11344,0.0,False,Short_Circuit,46.666666666666664,-6.03
2026-02-10T21:31:30.068772,0.71,-8.490028,0.0,0.0,1136.0,16.36033,0.0,False,Short_Circuit,46.666666666666664,-6.03
2026-02-10T21:31:32.558515,0.71,-8.490028,0.0,0.0,1136.0,16.36033,0.0,False,Short_Circuit,46.666666666666664,-6.03
2026-02-10T21:31:35.059542,0.71,-8.490028,0.0,0.0,1135.0,16.38735,0.0,False,Short_Circuit,46.666666666666664,-6.03
2026-02-10T21:31:37.614722,0.71,-8.490028,0.0,0.0,1135.0,16.38735,0.0,False,Short_Circuit,46.666666666666664,-6.03
2026-02-10T21:31:40.072516,0.71,-8.490028,0.0,0.0,1127.0,16.20621,0.0,False,Short_Circuit,46.666666666666664,-6.03
2026-02-10T21:31:43.076723,0.71,-8.490028,0.0,0.0,1127.0,16.20621,0.0,False,Short_Circuit,46.666666666666664,-6.03
2026-02-10T21:31:45.713697,0.71,-8.490028,0.0,0.0,1137.0,16.24357,0.0,False,Short_Circuit,46.666666666666664,-6.03
2026-02-10T21:31:48.476047,0.71,-8.490028,0.0,0.0,1138.0,16.11473,0.0,False,Short_Circuit,46.666666666666664,-6.03
2026-02-10T21:31:51.338904,0.71,-8.490028,0.0,0.0,1138.0,16.11473,0.0,False,Short_Circuit,46.666666666666664,-6.03
2026-02-10T21:31:55.268857,0.71,-8.490028,0.0,0.0,1132.0,16.12804,0.0,False,Short_Circuit,46.666666666666664,-6.03
2026-02-10T21:31:57.681321,0.71,-8.490028,0.0,0.0,1132.0,16.12804,0.0,False,Short_Circuit,46.666666666666664,-6.03
2026-02-10T21:32:00.698704,0.71,-8.490028,0.0,0.0,1091.0,16.27579,0.0,False,Short_Circuit,46.666666666666664,-6.03
2026-02-10T21:32:03.632554,0.71,-8.490028,0.0,0.0,1139.0,16.04899,0.0,False,Short_Circuit,46.666666666666664,-6.03
2026-02-10T21:32:06.336845,0.71,-8.490028,0.0,0.0,1139.0,16.04899,0.0,False,Short_Circuit,46.666666666666664,-6.03
2026-02-10T21:32:09.047677,0.71,-8.490028,0.0,0.0,1130.0,16.01201,0.0,False,Short_Circuit,46.666666666666664,-6.03
2026-02-10T21:32:11.822102,0.71,-8.490028,0.0,0.0,1130.0,16.01201,0.0,False,Short_Circuit,46.666666666666664,-6.03
2026-02-10T21:32:14.366887,0.71,-8.490028,0.0,0.0,1136.0,16.12935,0.0,False,Short_Circuit,46.666666666666664,-6.03
2026-02-10T21:32:18.978159,0.71,-8.490028,0.0,0.0,1131.0,16.17745,0.0,False,Short_Circuit,46.666666666666664,-6.03
2026-02-10T21:32:21.462309,0.71,-8.490028,0.0,0.0,1131.0,16.17745,0.0,False,Short_Circuit,46.666666666666664,-6.03
2026-02-10T21:32:24.626349,0.71,-8.4899,0.0,0.0,1136.0,16.07863,0.0,False,Short_Circuit,46.666666666666664,-6.03
2026-02-10T21:32:26.998785,0.71,-8.4899,0.0,0.0,1136.0,16.07863,0.0,False,Short_Circuit,46.666666666666664,-6.03
2026-02-10T21:32:29.543501,0.71,-8.489927,0.0,0.0,1136.0,16.06144,0.0,False,Short_Circuit,46.666666666666664,-6.03
2026-02-10T21:32:32.196329,0.71,-8.489927,0.0,0.0,1136.0,16.06144,0.0,False,Short_Circuit,46.666666666666664,-6.03
2026-02-10T21:32:34.834823,0.71,-8.490028,0.0,0.0,1127.0,16.1448,0.0,False,Short_Circuit,46.666666666666664,-6.03
2026-02-10T21:32:37.632227,0.71,-8.490028,0.0,0.0,1127.0,16.1448,0.0,False,Short_Circuit,46.666666666666664,-6.03
2026-02-10T21:32:40.214423,0.71,-8.490028,0.0,0.0,1136.0,16.08036,0.0,False,Short_Circuit,46.666666666666664,-6.03
2026-02-10T21:32:42.737691,0.71,-8.490028,0.0,0.0,1136.0,16.08036,0.0,False,Short_Circuit,46.666666666666664,-6.03
2026-02-10T21:32:45.138661,0.71,-8.490028,0.0,0.0,1130.0,16.33802,0.0,False,Short_Circuit,46.666666666666664,-6.03
2026-02-10T21:32:47.453999,0.71,-8.490028,0.0,0.0,1130.0,16.33802,0.0,False,Short_Circuit,46.666666666666664,-6.03
2026-02-10T21:32:50.006486,0.71,-8.490028,0.0,0.0,1127.0,16.09109,0.0,False,Short_Circuit,46.666666666666664,-6.03
2026-02-10T21:32:52.469569,0.71,-8.490028,0.0,0.0,1127.0,16.09109,0.0,False,Short_Circuit,46.666666666666664,-6.03
2026-02-10T21:32:55.272432,0.71,-8.490028,0.0,0.0,1139.0,16.19677,0.0,False,Short_Circuit,46.666666666666664,-6.03
2026-02-10T21:33:00.554194,0.71,-8.490028,0.0,0.0,1139.0,16.19677,0.0,False,Short_Circuit,46.666666666666664,-6.03
2026-02-10T21:33:02.958186,0.71,-8.490028,0.0,0.0,1132.0,16.36976,0.0,False,Short_Circuit,46.666666666666664,-6.03
2026-02-10T21:33:05.476311,0.71,-8.490028,0.0,0.0,1163.0,16.03782,0.0,False,Short_Circuit,46.666666666666664,-6.03
2026-02-10T21:33:08.536158,0.71,-8.490028,0.0,0.0,1136.0,16.33458,0.0,False,Short_Circuit,46.666666666666664,-6.03
2026-02-10T21:33:11.311736,0.71,-8.490028,0.0,0.0,1136.0,16.33458,0.0,False,Short_Circuit,46.666666666666664,-6.03
2026-02-10T21:33:13.700447,0.71,-8.490028,0.0,0.0,1123.0,16.08508,0.0,False,Short_Circuit,46.666666666666664,-6.03
2026-02-10T21:33:16.322427,0.71,-8.490028,0.0,0.0,1123.0,16.08508,0.0,False,Short_Circuit,46.666666666666664,-6.03
2026-02-10T21:33:18.685050,0.71,-8.489734,0.0,0.0,1136.0,16.26032,0.0,False,Short_Circuit,46.666666666666664,-6.03
2026-02-10T21:33:21.099959,0.71,-8.489734,0.0,0.0,1136.0,16.26032,0.0,False,Short_Circuit,46.666666666666664,-6.03
2026-02-10T21:33:23.399926,0.71,-8.490028,0.0,0.0,1105.0,15.88387,0.0,False,Short_Circuit,46.666666666666664,-6.03
2026-02-10T21:33:26.048913,0.71,-8.490028,0.0,0.0,1105.0,15.88387,0.0,False,Short_Circuit,46.666666666666664,-6.03
2026-02-10T21:33:28.664183,0.71,-8.490028,0.0,0.0,1115.0,16.07991,0.0,False,Short_Circuit,46.666666666666664,-6.03
2026-02-10T21:33:32.400581,0.71,-8.490028,0.0,0.0,1115.0,16.07991,0.0,False,Short_Circuit,46.666666666666664,-6.03
2026-02-10T21:33:34.758527,0.71,-8.490028,0.0,0.0,1133.0,16.27192,0.0,False,Short_Circuit,46.666666666666664,-6.03
2026-02-10T21:33:37.126471,0.71,-8.490028,0.0,0.0,1133.0,16.27192,0.0,False,Short_Circuit,46.666666666666664,-6.03
2026-02-10T21:33:39.582350,0.71,-8.490028,0.0,0.0,1136.0,16.13277,0.0,False,Short_Circuit,46.666666666666664,-6.03
2026-02-10T21:33:42.000917,0.71,-8.490028,0.0,0.0,1136.0,16.13277,0.0,False,Short_Circuit,46.666666666666664,-6.03
2026-02-10T21:33:45.456800,0.71,-8.490028,0.0,0.0,1128.0,16.22124,0.0,False,Short_Circuit,46.666666666666664,-6.03
2026-02-10T21:33:51.977128,0.71,-8.490028,0.0,0.0,1128.0,16.22124,0.0,False,Short_Circuit,46.666666666666664,-6.03
2026-02-10T21:33:57.029468,0.71,-8.4899,0.0,0.0,1116.0,16.168,0.0,False,Short_Circuit,46.666666666666664,-6.03
2026-02-10T21:34:01.279207,0.71,-8.490028,0.0,0.0,1138.0,16.22124,0.0,False,Short_Circuit,46.666666666666664,-6.03
2026-02-10T21:34:04.169263,0.71,-8.490028,0.0,0.0,1151.0,16.52033,0.0,False,Short_Circuit,46.666666666666664,-6.03
2026-02-10T21:34:06.500308,0.71,-8.490028,0.0,0.0,1151.0,16.52033,0.0,False,Short_Circuit,46.666666666666664,-6.03
2026-02-10T21:34:09.059994,0.71,-8.490028,0.0,0.0,1138.0,16.18733,0.0,False,Short_Circuit,46.666666666666664,-6.03
2026-02-10T21:34:11.415260,0.71,-8.490028,0.0,0.0,1138.0,16.18733,0.0,False,Short_Circuit,46.666666666666664,-6.03
2026-02-10T21:34:13.878577,0.71,-8.490028,0.0,0.0,1118.0,16.33158,0.0,False,Short_Circuit,46.666666666666664,-6.03
2026-02-10T21:34:16.552815,0.71,-8.490028,0.0,0.0,1118.0,16.33158,0.0,False,Short_Circuit,46.666666666666664,-6.03
2026-02-10T21:34:20.021051,0.71,-8.490028,0.0,0.0,1138.0,16.17787,0.0,False,Short_Circuit,46.666666666666664,-6.03
2026-02-10T21:34:22.704046,0.71,-8.490028,0.0,0.0,1138.0,16.17787,0.0,False,Short_Circuit,46.666666666666664,-6.03
2026-02-10T21:34:25.340300,0.71,-8.490028,0.0,0.0,1143.0,16.20881,0.0,False,Short_Circuit,46.666666666666664,-6.03
2026-02-10T21:34:27.903711,0.71,-8.490028,0.0,0.0,1143.0,16.20881,0.0,False,Short_Circuit,46.666666666666664,-6.03
2026-02-10T21:34:31.021305,0.71,-8.490028,0.0,0.0,1135.0,16.27234,0.0,False,Short_Circuit,46.666666666666664,-6.03
2026-02-10T21:34:33.941840,0.71,-8.490028,0.0,0.0,1140.0,16.21438,0.0,False,Short_Circuit,46.666666666666664,-6.03
2026-02-10T21:34:37.599882,0.71,-8.490028,0.0,0.0,1140.0,16.21438,0.0,False,Short_Circuit,46.666666666666664,-6.03
2026-02-10T21:34:39.899664,0.71,-8.490028,0.0,0.0,1140.0,16.2543,0.0,False,Short_Circuit,46.666666666666664,-6.03
2026-02-10T21:34:42.193983,0.71,-8.490028,0.0,0.0,1140.0,16.2543,0.0,False,Short_Circuit,46.666666666666664,-6.03
2026-02-10T21:34:45.023309,0.71,-8.490028,0.0,0.0,1143.0,16.17272,0.0,False,Short_Circuit,46.666666666666664,-6.03
2026-02-10T21:34:47.712771,0.71,-8.490028,0.0,0.0,1143.0,16.17272,0.0,False,Short_Circuit,46.666666666666664,-6.03
2026-02-10T21:34:50.274661,0.71,-8.490028,0.0,0.0,1132.0,16.09411,0.0,False,Short_Circuit,46.666666666666664,-6.03
2026-02-10T21:34:55.550640,0.71,-8.490028,0.0,0.0,1132.0,16.09411,0.0,False,Short_Circuit,46.666666666666664,-6.03
2026-02-10T21:34:58.020503,0.71,-8.490028,0.0,0.0,1137.0,16.4367,0.0,False,Short_Circuit,46.666666666666664,-6.03
2026-02-10T21:35:00.678392,0.71,-8.489882,0.0,0.0,1105.0,16.08595,0.0,False,Short_Circuit,46.666666666666664,-6.03
2026-02-10T21:35:03.298106,0.71,-8.490028,0.0,0.0,1138.0,16.24917,0.0,False,Short_Circuit,46.666666666666664,-6.03
2026-02-10T21:35:06.238515,0.71,-8.490028,0.0,0.0,1138.0,16.24917,0.0,False,Short_Circuit,46.666666666666664,-6.03
2026-02-10T21:35:08.866656,0.71,-8.490028,0.0,0.0,1140.0,16.19377,0.0,False,Short_Circuit,46.666666666666664,-6.03
2026-02-10T21:35:11.127857,0.71,-8.490028,0.0,0.0,1140.0,16.19377,0.0,False,Short_Circuit,46.666666666666664,-6.03
2026-02-10T21:35:13.507018,0.71,-8.490028,0.0,0.0,1133.0,16.16628,0.0,False,Short_Circuit,46.666666666666664,-6.03
2026-02-10T21:35:16.360676,0.71,-8.490028,0.0,0.0,1133.0,16.16628,0.0,False,Short_Circuit,46.666666666666664,-6.03
2026-02-10T21:35:18.829811,0.71,-8.490028,0.0,0.0,1142.0,16.24357,0.0,False,Short_Circuit,46.666666666666664,-6.03
2026-02-10T21:35:21.455361,0.71,-8.490028,0.0,0.0,1142.0,16.24357,0.0,False,Short_Circuit,46.666666666666664,-6.03
2026-02-10T21:35:24.121853,0.71,-8.490028,0.0,0.0,1114.0,16.18174,0.0,False,Short_Circuit,46.666666666666664,-6.03
2026-02-10T21:35:27.019528,0.71,-8.490028,0.0,0.0,1114.0,16.18174,0.0,False,Short_Circuit,46.666666666666664,-6.03
2026-02-10T21:35:29.862171,0.71,-8.490028,0.0,0.0,1143.0,16.28736,0.0,False,Short_Circuit,46.666666666666664,-6.03
2026-02-10T21:35:32.416503,0.71,-8.490028,0.0,0.0,1143.0,16.28736,0.0,False,Short_Circuit,46.666666666666664,-6.03
2026-02-10T21:35:34.948812,0.71,-8.490028,0.0,0.0,1136.0,16.20063,0.0,False,Short_Circuit,46.666666666666664,-6.03
2026-02-10T21:35:37.203907,0.71,-8.490028,0.0,0.0,1136.0,16.20063,0.0,False,Short_Circuit,46.666666666666664,-6.03
2026-02-10T21:35:40.120175,0.71,-8.490028,0.0,0.0,1104.0,16.04899,0.0,False,Short_Circuit,46.666666666666664,-6.03
2026-02-10T21:35:42.358175,0.71,-8.490028,0.0,0.0,1104.0,16.04899,0.0,False,Short_Circuit,46.666666666666664,-6.03
2026-02-10T21:35:45.132819,0.71,-8.490028,0.0,0.0,1137.0,16.19377,0.0,False,Short_Circuit,46.666666666666664,-6.03
2026-02-10T21:35:47.686289,0.71,-8.490028,0.0,0.0,1137.0,16.19377,0.0,False,Short_Circuit,46.666666666666664,-6.03
2026-02-10T21:35:50.252803,0.71,-8.490028,0.0,0.0,1138.0,16.23284,0.0,False,Short_Circuit,46.666666666666664,-6.03
2026-02-10T21:35:52.806434,0.71,-8.490028,0.0,0.0,1138.0,16.23284,0.0,False,Short_Circuit,46.666666666666664,-6.03
2026-02-10T21:35:56.091391,0.71,-8.490028,0.0,0.0,1141.0,15.97375,0.0,False,Short_Circuit,46.666666666666664,-6.03
2026-02-10T21:35:58.430213,0.71,-8.490028,0.0,0.0,1130.0,16.24659,0.0,False,Short_Circuit,46.666666666666664,-6.03
2026-02-10T21:36:01.139733,0.71,-8.490028,0.0,0.0,1130.0,16.24659,0.0,False,Short_Circuit,46.666666666666664,-6.03
2026-02-10T21:36:03.776334,0.71,-8.490028,0.0,0.0,1148.0,16.14866,0.0,False,Short_Circuit,46.666666666666664,-6.03
2026-02-10T21:36:06.246937,0.71,-8.490028,0.0,0.0,1148.0,16.14866,0.0,False,Short_Circuit,46.666666666666664,-6.03
2026-02-10T21:36:08.730924,0.71,-8.490028,0.0,0.0,1134.0,16.23371,0.0,False,Short_Circuit,46.666666666666664,-6.03
2026-02-10T21:36:11.172673,0.71,-8.490028,0.0,0.0,1134.0,16.23371,0.0,False,Short_Circuit,46.666666666666664,-6.03
2026-02-10T21:36:13.645155,0.71,-8.490028,0.0,0.0,1137.0,16.11517,0.0,False,Short_Circuit,46.666666666666664,-6.03
2026-02-10T21:36:16.310167,0.71,-8.490028,0.0,0.0,1137.0,16.11517,0.0,False,Short_Circuit,46.666666666666664,-6.03
2026-02-10T21:36:20.183678,0.71,-8.490028,0.0,0.0,1133.0,16.23155,0.0,False,Short_Circuit,46.666666666666664,-6.03
2026-02-10T21:36:22.701127,0.71,-8.490028,0.0,0.0,1133.0,16.23155,0.0,False,Short_Circuit,46.666666666666664,-6.03
2026-02-10T21:36:24.969309,0.71,-8.490028,0.0,0.0,1138.0,16.14093,0.0,False,Short_Circuit,46.666666666666664,-6.03
2026-02-10T21:36:27.440023,0.71,-8.490028,0.0,0.0,1138.0,16.14093,0.0,False,Short_Circuit,46.666666666666664,-6.03
2026-02-10T21:36:29.886858,0.71,-8.490028,0.0,0.0,1133.0,16.37278,0.0,False,Short_Circuit,46.666666666666664,-6.03
2026-02-10T21:36:32.120350,0.71,-8.490028,0.0,0.0,1133.0,16.37278,0.0,False,Short_Circuit,46.666666666666664,-6.03
2026-02-10T21:36:34.675242,0.71,-8.490028,0.0,0.0,1139.0,16.27492,0.0,False,Short_Circuit,46.666666666666664,-6.03
2026-02-10T21:36:37.257571,0.71,-8.490028,0.0,0.0,1139.0,16.27492,0.0,False,Short_Circuit,46.666666666666664,-6.03
2026-02-10T21:36:40.310990,0.71,-8.490028,0.0,0.0,1173.0,16.1753,0.0,False,Short_Circuit,46.666666666666664,-6.03
2026-02-10T21:36:42.758418,0.71,-8.490028,0.0,0.0,1173.0,16.1753,0.0,False,Short_Circuit,46.666666666666664,-6.03
2026-02-10T21:36:45.448467,0.71,-8.490028,0.0,0.0,1140.0,16.26419,0.0,False,Short_Circuit,46.666666666666664,-6.03
2026-02-10T21:36:47.786934,0.71,-8.490028,0.0,0.0,1140.0,16.26419,0.0,False,Short_Circuit,46.666666666666664,-6.03
2026-02-10T21:36:50.137992,0.71,-8.490019,0.0,0.0,1141.0,16.29165,0.0,False,Short_Circuit,46.666666666666664,-6.03
2026-02-10T21:36:53.559774,0.71,-8.490019,0.0,0.0,1141.0,16.29165,0.0,False,Short_Circuit,46.666666666666664,-6.03
2026-02-10T21:36:56.283811,0.71,-8.490028,0.0,0.0,1138.0,16.1594,0.0,False,Short_Circuit,46.666666666666664,-6.03
2026-02-10T21:36:59.026300,0.71,-8.490028,0.0,0.0,1136.0,16.30497,0.0,False,Short_Circuit,46.666666666666664,-6.03
2026-02-10T21:37:02.136583,0.71,-8.490028,0.0,0.0,1136.0,16.30497,0.0,False,Short_Circuit,46.666666666666664,-6.03
2026-02-10T21:37:04.760186,0.71,-8.489624,0.0,0.0,1133.0,16.2234,0.0,False,Short_Circuit,46.666666666666664,-6.03
2026-02-10T21:37:07.820168,0.71,-8.489624,0.0,0.0,1133.0,16.2234,0.0,False,Short_Circuit,46.666666666666664,-6.03
2026-02-10T21:37:10.403450,0.71,-8.489964,0.0,0.0,1141.0,16.28608,0.0,False,Short_Circuit,46.666666666666664,-6.03
2026-02-10T21:37:13.321306,0.71,-8.489964,0.0,0.0,1141.0,16.28608,0.0,False,Short_Circuit,46.666666666666664,-6.03
2026-02-10T21:37:15.846279,0.71,-8.490028,0.0,0.0,1143.0,16.04254,0.0,False,Short_Circuit,46.666666666666664,-6.03
2026-02-10T21:37:18.646207,0.71,-8.490028,0.0,0.0,1135.0,16.12846,0.0,False,Short_Circuit,46.666666666666664,-6.03
2026-02-10T21:37:21.049863,0.71,-8.490028,0.0,0.0,1135.0,16.12846,0.0,False,Short_Circuit,46.666666666666664,-6.03
2026-02-10T21:37:23.656472,0.71,-8.490028,0.0,0.0,1137.0,16.23886,0.0,False,Short_Circuit,46.666666666666664,-6.03
2026-02-10T21:37:28.568746,0.71,-8.490028,0.0,0.0,1137.0,16.23886,0.0,False,Short_Circuit,46.666666666666664,-6.03
2026-02-10T21:37:33.758497,0.71,-8.490028,0.0,0.0,1139.0,16.2775,0.0,False,Short_Circuit,46.666666666666664,-6.03
2026-02-10T21:37:36.338818,0.71,-8.490028,0.0,0.0,1151.0,16.31526,0.0,False,Short_Circuit,46.666666666666664,-6.03
2026-02-10T21:37:38.823323,0.71,-8.490028,0.0,0.0,1147.0,16.05973,0.0,False,Short_Circuit,46.666666666666664,-6.03
2026-02-10T21:37:41.574139,0.71,-8.490028,0.0,0.0,1147.0,16.05973,0.0,False,Short_Circuit,46.666666666666664,-6.03
2026-02-10T21:37:43.932976,0.71,-8.490028,0.0,0.0,1108.0,16.13192,0.0,False,Short_Circuit,46.666666666666664,-6.03
2026-02-10T21:37:46.288192,0.71,-8.490028,0.0,0.0,1108.0,16.13192,0.0,False,Short_Circuit,46.666666666666664,-6.03
2026-02-10T21:37:48.814385,0.71,-8.489991,0.0,0.0,1137.0,16.04469,0.0,False,Short_Circuit,46.666666666666664,-6.03
2026-02-10T21:37:51.276825,0.71,-8.489991,0.0,0.0,1137.0,16.04469,0.0,False,Short_Circuit,46.666666666666664,-6.03
2026-02-10T21:37:53.795516,0.71,-8.490028,0.0,0.0,1152.0,16.12547,0.0,False,Short_Circuit,46.666666666666664,-6.03
2026-02-10T21:37:56.142926,0.71,-8.490028,0.0,0.0,1152.0,16.12547,0.0,False,Short_Circuit,46.666666666666664,-6.03
2026-02-10T21:37:58.498638,0.71,-8.490028,0.0,0.0,1136.0,16.32471,0.0,False,Short_Circuit,46.666666666666664,-6.03
2026-02-10T21:38:01.004031,0.71,-8.490028,0.0,0.0,1136.0,16.32471,0.0,False,Short_Circuit,46.666666666666664,-6.03
2026-02-10T21:38:03.772779,0.71,-8.490028,0.0,0.0,1150.0,16.18389,0.0,False,Short_Circuit,46.666666666666664,-6.03
2026-02-10T21:38:06.239461,0.71,-8.490028,0.0,0.0,1150.0,16.18389,0.0,False,Short_Circuit,46.666666666666664,-6.03
2026-02-10T21:38:09.504052,0.71,-8.490028,0.0,0.0,1144.0,16.28694,0.0,False,Short_Circuit,46.666666666666664,-6.03
2026-02-10T21:38:12.280715,0.71,-8.490028,0.0,0.0,1144.0,16.28694,0.0,False,Short_Circuit,46.666666666666664,-6.03
2026-02-10T21:38:15.154675,0.71,-8.490028,0.0,0.0,1155.0,16.00427,0.0,False,Short_Circuit,46.666666666666664,-6.03
2026-02-10T21:38:17.630416,0.71,-8.490028,0.0,0.0,1155.0,16.00427,0.0,False,Short_Circuit,46.666666666666664,-6.03
2026-02-10T21:38:21.762062,0.71,-8.490028,0.0,0.0,1114.0,16.19977,0.0,False,Short_Circuit,46.666666666666664,-6.03
2026-02-10T21:38:24.329222,0.71,-8.490028,0.0,0.0,1152.0,16.27879,0.0,False,Short_Circuit,46.666666666666664,-6.03
2026-02-10T21:38:27.028508,0.71,-8.490028,0.0,0.0,1152.0,16.27879,0.0,False,Short_Circuit,46.666666666666664,-6.03
2026-02-10T21:38:29.950803,0.71,-8.490028,0.0,0.0,1126.0,16.12675,0.0,False,Short_Circuit,46.666666666666664,-6.03
2026-02-10T21:38:32.533441,0.71,-8.490028,0.0,0.0,1126.0,16.12675,0.0,False,Short_Circuit,46.666666666666664,-6.03
2026-02-10T21:38:35.212455,0.71,-8.490028,0.0,0.0,1157.0,16.23242,0.0,False,Short_Circuit,46.666666666666664,-6.03
2026-02-10T21:38:38.296728,0.71,-8.490028,0.0,0.0,1157.0,16.23242,0.0,False,Short_Circuit,46.666666666666664,-6.03
2026-02-10T21:38:41.140205,0.71,-8.490028,0.0,0.0,1137.0,16.18862,0.0,False,Short_Circuit,46.666666666666664,-6.03
2026-02-10T21:38:43.741701,0.71,-8.490028,0.0,0.0,1153.0,16.17745,0.0,False,Short_Circuit,46.666666666666664,-6.03
2026-02-10T21:38:46.295082,0.71,-8.490028,0.0,0.0,1153.0,16.17745,0.0,False,Short_Circuit,46.666666666666664,-6.03
2026-02-10T21:38:49.365808,0.71,-8.490028,0.0,0.0,1063.0,16.34488,0.0,False,Short_Circuit,46.666666666666664,-6.03
2026-02-10T21:38:52.410589,0.71,-8.490028,0.0,0.0,1063.0,16.34488,0.0,False,Short_Circuit,46.666666666666664,-6.03
2026-02-10T21:38:54.916859,0.71,-8.490028,0.0,0.0,1153.0,16.20621,0.0,False,Short_Circuit,46.666666666666664,-6.03
2026-02-10T21:38:57.272368,0.71,-8.490028,0.0,0.0,1153.0,16.20621,0.0,False,Short_Circuit,46.666666666666664,-6.03
2026-02-10T21:38:59.774087,0.71,-8.490028,0.0,0.0,1149.0,16.15254,0.0,False,Short_Circuit,46.666666666666664,-6.03
2026-02-10T21:39:02.382603,0.71,-8.490028,0.0,0.0,1149.0,16.15254,0.0,False,Short_Circuit,46.666666666666664,-6.03
2026-02-10T21:39:05.221122,0.71,-8.490028,0.0,0.0,1143.0,16.1448,0.0,False,Short_Circuit,46.666666666666664,-6.03
2026-02-10T21:39:09.191208,0.71,-8.490028,0.0,0.0,1143.0,16.1448,0.0,False,Short_Circuit,46.666666666666664,-6.03
2026-02-10T21:39:12.268230,0.71,-8.490028,0.0,0.0,1159.0,16.10614,0.0,False,Short_Circuit,46.666666666666664,-6.03
2026-02-10T21:39:15.380425,0.71,-8.490028,0.0,0.0,1157.0,16.36633,0.0,False,Short_Circuit,46.666666666666664,-6.03
2026-02-10T21:39:18.215541,0.71,-8.490028,0.0,0.0,1157.0,16.36633,0.0,False,Short_Circuit,46.666666666666664,-6.03
2026-02-10T21:39:22.016310,0.71,-8.490028,0.0,0.0,1149.0,16.22298,0.0,False,Short_Circuit,46.666666666666664,-6.03
2026-02-10T21:39:24.699003,0.71,-8.490028,0.0,0.0,1149.0,16.27879,0.0,False,Short_Circuit,46.666666666666664,-6.03
2026-02-10T21:39:27.133652,0.71,-8.490028,0.0,0.0,1149.0,16.27879,0.0,False,Short_Circuit,46.666666666666664,-6.03
2026-02-10T21:39:29.705070,0.71,-8.490028,0.0,0.0,1143.0,16.27363,0.0,False,Short_Circuit,46.666666666666664,-6.03
2026-02-10T21:39:32.346687,0.71,-8.490028,0.0,0.0,1143.0,16.27363,0.0,False,Short_Circuit,46.666666666666664,-6.03
2026-02-10T21:39:34.720496,0.71,-8.490028,0.0,0.0,1147.0,16.45728,0.0,False,Short_Circuit,46.666666666666664,-6.03
2026-02-10T21:39:37.556523,0.71,-8.490028,0.0,0.0,1147.0,16.45728,0.0,False,Short_Circuit,46.666666666666664,-6.03
2026-02-10T21:39:40.252122,0.71,-8.490028,0.0,0.0,1158.0,16.27707,0.0,False,Short_Circuit,46.666666666666664,-6.03
2026-02-10T21:39:43.026012,0.71,-8.490028,0.0,0.0,1158.0,16.27707,0.0,False,Short_Circuit,46.666666666666664,-6.03
2026-02-10T21:39:45.614001,0.71,-8.489937,0.0,0.0,1154.0,15.84344,0.0,False,Short_Circuit,46.666666666666664,-6.03
2026-02-10T21:39:48.014034,0.71,-8.489937,0.0,0.0,1154.0,15.84344,0.0,False,Short_Circuit,46.666666666666664,-6.03
2026-02-10T21:39:51.180041,0.71,-8.490028,0.0,0.0,1152.0,16.10785,0.0,False,Short_Circuit,46.666666666666664,-6.03
2026-02-10T21:39:53.958158,0.71,-8.490028,0.0,0.0,1143.0,16.33416,0.0,False,Short_Circuit,46.666666666666664,-6.03
2026-02-10T21:39:56.722526,0.71,-8.490028,0.0,0.0,1143.0,16.33416,0.0,False,Short_Circuit,46.666666666666664,-6.03
2026-02-10T21:39:59.481555,0.71,-8.490028,0.0,0.0,1142.0,16.22469,0.0,False,Short_Circuit,46.666666666666664,-6.03
2026-02-10T21:40:02.340753,0.71,-8.490028,0.0,0.0,1142.0,16.22469,0.0,False,Short_Circuit,46.666666666666664,-6.03
2026-02-10T21:40:04.836409,0.71,-8.490028,0.0,0.0,1136.0,16.1826,0.0,False,Short_Circuit,46.666666666666664,-6.03
2026-02-10T21:40:08.522282,0.71,-8.490028,0.0,0.0,1152.0,16.14051,0.0,False,Short_Circuit,46.666666666666664,-6.03
2026-02-10T21:40:11.175633,0.71,-8.490028,0.0,0.0,1152.0,16.14051,0.0,False,Short_Circuit,46.666666666666664,-6.03
2026-02-10T21:40:14.536208,0.71,-8.490028,0.0,0.0,1159.0,16.09626,0.0,False,Short_Circuit,46.666666666666664,-6.03
2026-02-10T21:40:17.761352,0.71,-8.490028,0.0,0.0,1159.0,16.09626,0.0,False,Short_Circuit,46.666666666666664,-6.03
2026-02-10T21:40:20.679904,0.71,-8.490028,0.0,0.0,1155.0,16.34359,0.0,False,Short_Circuit,46.666666666666664,-6.03
2026-02-10T21:40:23.387107,0.71,-8.490028,0.0,0.0,1155.0,16.34359,0.0,False,Short_Circuit,46.666666666666664,-6.03
2026-02-10T21:40:26.185039,0.71,-8.490028,0.0,0.0,1200.0,16.01331,0.0,False,Short_Circuit,46.666666666666664,-6.03
2026-02-10T21:40:31.572750,0.71,-8.490028,0.0,0.0,1168.0,16.02491,0.0,False,Short_Circuit,46.666666666666664,-6.03
2026-02-10T21:40:34.261881,0.71,-8.490028,0.0,0.0,1141.0,16.25646,0.0,False,Short_Circuit,46.666666666666664,-6.03
2026-02-10T21:40:36.951577,0.71,-8.490028,0.0,0.0,1141.0,16.25646,0.0,False,Short_Circuit,46.666666666666664,-6.03
2026-02-10T21:40:40.681559,0.71,-8.490028,0.0,0.0,1157.0,16.19333,0.0,False,Short_Circuit,46.666666666666664,-6.03
2026-02-10T21:40:43.345903,0.71,-8.490028,0.0,0.0,1104.0,16.33758,0.0,False,Short_Circuit,46.666666666666664,-6.03
2026-02-10T21:40:45.710011,0.71,-8.490028,0.0,0.0,1104.0,16.33758,0.0,False,Short_Circuit,46.666666666666664,-6.03
2026-02-10T21:40:48.502973,0.71,-8.490028,0.0,0.0,1152.0,16.12032,0.0,False,Short_Circuit,46.666666666666664,-6.03
2026-02-10T21:40:51.145397,0.71,-8.490028,0.0,0.0,1152.0,16.12032,0.0,False,Short_Circuit,46.666666666666664,-6.03
2026-02-10T21:40:57.144148,0.71,-8.490028,0.0,0.0,1161.0,16.15769,0.0,False,Short_Circuit,46.666666666666664,-6.03
2026-02-10T21:41:00.243540,0.71,-8.490028,0.0,0.0,1154.0,16.39981,0.0,False,Short_Circuit,46.666666666666664,-6.03
2026-02-10T21:41:03.198814,0.71,-8.490028,0.0,0.0,1154.0,16.39981,0.0,False,Short_Circuit,46.666666666666664,-6.03
2026-02-10T21:41:05.979993,0.71,-8.490028,0.0,0.0,1143.0,16.25388,0.0,False,Short_Circuit,46.666666666666664,-6.03
2026-02-10T21:41:08.420002,0.71,-8.4899,0.0,0.0,1159.0,16.10913,0.0,False,Short_Circuit,46.666666666666664,-6.03
2026-02-10T21:41:10.854322,0.71,-8.4899,0.0,0.0,1159.0,16.10913,0.0,False,Short_Circuit,46.666666666666664,-6.03
2026-02-10T21:41:13.204564,0.71,-8.490028,0.0,0.0,1151.0,15.97849,0.0,False,Short_Circuit,46.666666666666664,-6.03
2026-02-10T21:41:15.781594,0.71,-8.490028,0.0,0.0,1151.0,15.97849,0.0,False,Short_Circuit,46.666666666666664,-6.03
2026-02-10T21:41:22.220275,0.71,-8.490028,0.0,0.0,1149.0,16.23499,0.0,False,Short_Circuit,46.666666666666664,-6.03
2026-02-10T21:41:24.501524,0.71,-8.490028,0.0,0.0,1122.0,16.19719,0.0,False,Short_Circuit,46.666666666666664,-6.03
2026-02-10T21:41:26.745110,0.71,-8.490028,0.0,0.0,1122.0,16.19719,0.0,False,Short_Circuit,46.666666666666664,-6.03
2026-02-10T21:41:29.097112,0.71,-8.490028,0.0,0.0,1151.0,16.21267,0.0,False,Short_Circuit,46.666666666666664,-6.03
2026-02-10T21:41:31.535503,0.71,-8.490028,0.0,0.0,1151.0,16.21267,0.0,False,Short_Circuit,46.666666666666664,-6.03
2026-02-10T21:41:34.130670,0.71,-8.490028,0.0,0.0,1170.0,15.83698,0.0,False,Short_Circuit,46.666666666666664,-6.03
2026-02-10T21:41:36.569895,0.71,-8.490028,0.0,0.0,1170.0,15.83698,0.0,False,Short_Circuit,46.666666666666664,-6.03
2026-02-10T21:41:44.293095,0.71,-8.489863,0.0,0.0,1175.0,15.87913,0.0,False,Short_Circuit,46.666666666666664,-6.03
2026-02-10T21:41:47.620590,0.71,-8.489863,0.0,0.0,1175.0,15.87913,0.0,False,Short_Circuit,46.666666666666664,-6.03
2026-02-10T21:41:50.293651,0.71,-8.490028,0.0,0.0,1155.0,16.45172,0.0,False,Short_Circuit,46.666666666666664,-6.03
2026-02-10T21:41:53.275364,0.71,-8.490028,0.0,0.0,1155.0,16.16413,0.0,False,Short_Circuit,46.666666666666664,-6.03
2026-02-10T21:41:55.802345,0.71,-8.490028,0.0,0.0,1155.0,16.16413,0.0,False,Short_Circuit,46.666666666666664,-6.03
2026-02-10T21:41:58.507669,0.71,-8.490028,0.0,0.0,1158.0,15.95225,0.0,False,Short_Circuit,46.666666666666664,-6.03
2026-02-10T21:42:01.090848,0.71,-8.490028,0.0,0.0,1158.0,15.95225,0.0,False,Short_Circuit,46.666666666666664,-6.03
2026-02-10T21:42:03.587409,0.71,-8.490028,0.0,0.0,1152.0,16.0232,0.0,False,Short_Circuit,46.666666666666664,-6.03
2026-02-10T21:42:06.071679,0.71,-8.490028,0.0,0.0,1152.0,16.0232,0.0,False,Short_Circuit,46.666666666666664,-6.03
2026-02-10T21:42:08.570681,0.71,-8.490028,0.0,0.0,1309.0,16.19935,0.0,False,Short_Circuit,46.666666666666664,-6.03
2026-02-10T21:42:12.186458,0.71,-8.490028,0.0,0.0,1309.0,16.19935,0.0,False,Short_Circuit,46.666666666666664,-6.03
2026-02-10T21:42:14.790295,0.71,-8.490028,0.0,0.0,1135.0,16.25217,0.0,False,Short_Circuit,46.666666666666664,-6.03
2026-02-10T21:42:17.372900,0.71,-8.490028,0.0,0.0,1135.0,16.25217,0.0,False,Short_Circuit,46.666666666666664,-6.03
2026-02-10T21:42:20.173565,0.71,-8.490028,0.0,0.0,1168.0,16.36762,0.0,False,Short_Circuit,46.666666666666664,-6.03
2026-02-10T21:42:22.625787,0.71,-8.490028,0.0,0.0,1168.0,16.36762,0.0,False,Short_Circuit,46.666666666666664,-6.03
2026-02-10T21:42:25.465372,12.88,-8.490028,0.0,0.0,1152.0,16.1418,0.0,False,Open_Circuit,90.1058201058201,-109.35
2026-02-10T21:42:28.689644,1.82,-8.490028,0.0,0.0,1161.0,15.92688,0.0,False,Short_Circuit,46.666666666666664,-15.45
2026-02-10T21:42:31.402763,1.82,-8.490028,0.0,0.0,1161.0,15.92688,0.0,False,Short_Circuit,46.666666666666664,-15.45
2026-02-10T21:42:36.707595,0.71,-8.490028,0.0,0.0,1151.0,16.12418,0.0,False,Short_Circuit,46.666666666666664,-6.03
2026-02-10T21:42:39.739252,10.975,-8.489697,0.0,0.0,1156.0,16.30152,0.0,False,Open_Circuit,90.1058201058201,-93.17
2026-02-10T21:42:42.516664,10.975,-8.489697,0.0,0.0,1156.0,16.30152,0.0,False,Open_Circuit,90.1058201058201,-93.17
2026-02-10T21:42:45.069326,14.29,-8.490028,0.0,0.0,1137.0,16.24659,0.0,False,Open_Circuit,90.1058201058201,-121.32
2026-02-10T21:42:47.761776,14.29,-8.490028,0.0,0.0,1137.0,16.24659,0.0,False,Open_Circuit,90.1058201058201,-121.32
2026-02-10T21:42:50.603570,1.76,-8.490028,0.0,0.0,1159.0,16.19591,0.0,False,Short_Circuit,46.666666666666664,-14.94
2026-02-10T21:42:53.084319,1.76,-8.490028,0.0,0.0,1159.0,16.19591,0.0,False,Short_Circuit,46.666666666666664,-14.94
2026-02-10T21:42:56.655793,0.71,-8.490028,0.0,0.0,1159.0,16.23155,0.0,False,Short_Circuit,46.666666666666664,-6.03
2026-02-10T21:42:59.650487,9.96,-8.490028,0.0,0.0,1156.0,15.87311,0.0,False,Open_Circuit,90.1058201058201,-84.56
2026-02-10T21:43:03.212665,9.96,-8.490028,0.0,0.0,1156.0,15.87311,0.0,False,Open_Circuit,90.10582010582013,-84.56
2026-02-10T21:43:06.157345,12.89,-8.490028,0.0,0.0,1146.0,16.26074,0.0,False,Open_Circuit,90.10582010582009,-109.44
2026-02-10T21:43:08.830880,9.025,-8.490028,0.0,0.0,1155.0,16.02491,0.0,False,Open_Circuit,90.1058201058201,-76.62
2026-02-10T21:43:13.751866,9.025,-8.490028,0.0,0.0,1155.0,16.02491,0.0,False,Open_Circuit,90.1058201058201,-76.62
2026-02-10T21:43:16.390764,1.345,-8.490028,0.0,0.0,1126.0,16.18303,0.0,False,Short_Circuit,46.666666666666664,-11.42
2026-02-10T21:43:19.568011,0.71,-8.490028,0.0,0.0,1158.0,16.00041,0.0,False,Short_Circuit,46.666666666666664,-6.03
2026-02-10T21:43:22.329036,0.71,-8.490028,0.0,0.0,1158.0,16.00041,0.0,False,Short_Circuit,46.666666666666664,-6.03
2026-02-10T21:43:25.115316,10.33,-8.490028,0.0,0.0,1158.0,15.82923,0.0,False,Open_Circuit,90.10582010582009,-87.7
2026-02-10T21:43:28.377888,10.33,-8.490028,0.0,0.0,1158.0,15.82923,0.0,False,Open_Circuit,90.10582010582013,-87.7
2026-02-10T21:43:31.340418,12.93,-8.490028,0.0,0.0,1150.0,16.18303,0.0,False,Open_Circuit,90.10582010582009,-109.78
2026-02-10T21:43:33.700989,7.325,-8.490028,0.0,0.0,1168.0,16.1783,0.0,False,Open_Circuit,90.1058201058201,-62.19
2026-02-10T21:43:36.028265,7.325,-8.490028,0.0,0.0,1168.0,16.1783,0.0,False,Open_Circuit,90.10582010582009,-62.19
2026-02-10T21:43:38.374031,1.49,-8.490028,0.0,0.0,1151.0,16.16027,0.0,False,Short_Circuit,46.666666666666664,-12.65
2026-02-10T21:43:40.864295,1.49,-8.490028,0.0,0.0,1151.0,16.16027,0.0,False,Short_Circuit,46.666666666666664,-12.65
2026-02-10T21:43:44.876296,0.71,-8.490028,0.0,0.0,1138.0,16.11816,0.0,False,Short_Circuit,46.666666666666664,-6.03
2026-02-10T21:43:47.218492,0.71,-8.490028,0.0,0.0,1138.0,16.11816,0.0,False,Short_Circuit,46.666666666666664,-6.03
2026-02-10T21:43:50.089821,9.955,-8.490028,0.0,0.0,531.0,16.14309,0.0,False,Open_Circuit,82.10582010582009,-84.52
2026-02-10T21:43:52.664214,9.955,-8.490028,0.0,0.0,531.0,16.14309,0.0,False,Open_Circuit,82.10582010582009,-84.52
2026-02-10T21:43:55.227932,12.2,-8.489945,0.0,0.0,997.0,16.17143,0.0,False,Open_Circuit,90.10582010582009,-103.58
2026-02-10T21:43:57.452612,12.2,-8.489945,0.0,0.0,997.0,16.17143,0.0,False,Open_Circuit,90.10582010582009,-103.58
2026-02-10T21:43:59.840250,9.795,-8.490028,0.0,0.0,1071.0,16.18689,0.0,False,Open_Circuit,90.1058201058201,-83.16
2026-02-10T21:44:02.400232,9.795,-8.490028,0.0,0.0,1071.0,16.18689,0.0,False,Open_Circuit,90.10582010582009,-83.16
2026-02-10T21:44:04.896948,1.085,-8.490001,0.0,0.0,1036.0,15.94795,0.0,False,Short_Circuit,46.666666666666664,-9.21
2026-02-10T21:44:07.625496,1.085,-8.490001,0.0,0.0,1036.0,15.94795,0.0,False,Short_Circuit,46.666666666666664,-9.21
2026-02-10T21:44:10.050135,0.71,-8.490028,0.0,0.0,1038.0,16.0232,0.0,False,Short_Circuit,46.666666666666664,-6.03
2026-02-10T21:44:12.399307,0.71,-8.490028,0.0,0.0,1038.0,16.0232,0.0,False,Short_Circuit,46.666666666666664,-6.03
2026-02-10T21:44:14.862219,11.19,-8.490028,0.0,0.0,1040.0,16.107,0.0,False,Open_Circuit,90.1058201058201,-95.0
2026-02-10T21:44:17.830227,11.19,-8.490028,0.0,0.0,1040.0,16.107,0.0,False,Open_Circuit,90.1058201058201,-95.0
2026-02-10T21:44:20.431834,13.115,-8.490028,0.0,0.0,1040.0,16.22811,0.0,False,Open_Circuit,90.1058201058201,-111.35
2026-02-10T21:44:23.057884,1.96,-8.490028,0.0,0.0,1037.0,16.12331,0.0,False,Short_Circuit,46.666666666666664,-16.64
2026-02-10T21:44:26.544462,1.96,-8.490028,0.0,0.0,1037.0,16.12331,0.0,False,Short_Circuit,46.666666666666664,-16.64
2026-02-10T21:44:28.682404,0.71,-8.490028,0.0,0.0,1008.0,16.00857,0.0,False,Short_Circuit,46.666666666666664,-6.03
2026-02-10T21:44:33.615086,0.71,-8.490028,0.0,0.0,1008.0,16.00857,0.0,False,Short_Circuit,46.666666666666664,-6.03
2026-02-10T21:44:36.182573,10.255,-8.490028,0.0,0.0,1011.0,16.32128,0.0,False,Open_Circuit,90.1058201058201,-87.07
2026-02-10T21:44:38.510818,11.845,-8.490028,0.0,0.0,1023.0,16.15554,0.0,False,Open_Circuit,90.1058201058201,-100.56
2026-02-10T21:44:40.751144,11.845,-8.490028,0.0,0.0,1023.0,16.15554,0.0,False,Open_Circuit,90.10582010582013,-100.56
2026-02-10T21:44:43.041593,11.845,-8.490028,0.0,0.0,1023.0,16.15554,0.0,False,Open_Circuit,90.1058201058201,-100.56
2026-02-10T21:44:48.114816,0.71,-8.490028,0.0,0.0,976.0,16.30755,0.0,False,Short_Circuit,46.666666666666664,-6.03
2026-02-10T21:44:50.603162,9.61,-8.490028,0.0,0.0,1020.0,16.1912,0.0,False,Open_Circuit,90.1058201058201,-81.59
2026-02-10T21:44:53.178766,9.61,-8.490028,0.0,0.0,1020.0,16.1912,0.0,False,Open_Circuit,90.1058201058201,-81.59
2026-02-10T21:44:55.521047,14.5,-8.490028,0.0,0.0,1021.0,16.09839,0.0,False,Open_Circuit,90.1058201058201,-123.11
2026-02-10T21:44:57.689282,14.5,-8.490028,0.0,0.0,1021.0,16.09839,0.0,False,Open_Circuit,90.1058201058201,-123.11
2026-02-10T21:45:00.256524,1.05,-8.490028,0.0,0.0,1002.0,15.98408,0.0,False,Short_Circuit,46.666666666666664,-8.91
2026-02-10T21:45:02.891788,1.05,-8.490028,0.0,0.0,1002.0,15.98408,0.0,False,Short_Circuit,46.666666666666664,-8.91
2026-02-10T21:45:05.343139,7.005,-8.490028,0.0,0.0,1019.0,16.15125,0.0,False,Open_Circuit,90.1058201058201,-59.47
2026-02-10T21:45:07.911387,7.005,-8.490028,0.0,0.0,1019.0,16.15125,0.0,False,Open_Circuit,90.1058201058201,-59.47
2026-02-10T21:45:10.423712,13.27,-8.490028,0.0,0.0,1018.0,16.23455,0.0,False,Open_Circuit,90.1058201058201,-112.66
2026-02-10T21:45:12.822842,13.27,-8.490028,0.0,0.0,1018.0,16.23455,0.0,False,Open_Circuit,90.1058201058201,-112.66
2026-02-10T21:45:15.295551,1.495,-8.490028,0.0,0.0,1023.0,15.97548,0.0,False,Short_Circuit,46.666666666666664,-12.69
2026-02-10T21:45:17.708447,1.495,-8.490028,0.0,0.0,1023.0,15.97548,0.0,False,Short_Circuit,46.666666666666664,-12.69
2026-02-10T21:45:20.204395,5.46,-8.490028,0.0,0.0,1023.0,16.06489,0.0,False,Short_Circuit,46.666666666666664,-46.36
2026-02-10T21:45:22.553986,5.46,-8.490028,0.0,0.0,1023.0,16.06489,0.0,False,Short_Circuit,46.666666666666664,-46.36
2026-02-10T21:45:24.951559,14.1,-8.490028,0.0,0.0,1022.0,16.03782,0.0,False,Open_Circuit,90.10582010582013,-119.71
2026-02-10T21:45:27.213562,14.1,-8.490028,0.0,0.0,1022.0,16.03782,0.0,False,Open_Circuit,90.10582010582009,-119.71
2026-02-10T21:45:29.632377,0.71,-8.490028,0.0,0.0,1045.0,16.03307,0.0,False,Short_Circuit,46.666666666666664,-6.03
2026-02-10T21:45:32.181905,0.71,-8.490028,0.0,0.0,1045.0,16.03307,0.0,False,Short_Circuit,46.666666666666664,-6.03
2026-02-10T21:45:34.863325,9.465,-8.490028,0.0,0.0,1040.0,16.29081,0.0,False,Open_Circuit,90.1058201058201,-80.36
2026-02-10T21:45:37.296009,9.465,-8.490028,0.0,0.0,1040.0,16.29081,0.0,False,Open_Circuit,90.1058201058201,-80.36
2026-02-10T21:45:39.499427,0.71,-8.490028,0.0,0.0,1023.0,16.16498,0.0,False,Short_Circuit,46.666666666666664,-6.03
2026-02-10T21:45:41.884321,0.71,-8.490028,0.0,0.0,1023.0,16.16498,0.0,False,Short_Circuit,46.666666666666664,-6.03
2026-02-10T21:45:44.410271,1.24,-8.489919,0.0,0.0,1023.0,16.18003,0.0,False,Short_Circuit,46.666666666666664,-10.53
2026-02-10T21:45:46.826397,1.24,-8.489919,0.0,0.0,1023.0,16.18003,0.0,False,Short_Circuit,46.666666666666664,-10.53
2026-02-10T21:45:49.419720,4.98,-8.490028,0.0,0.0,1036.0,15.95139,0.0,False,Short_Circuit,46.666666666666664,-42.28
2026-02-10T21:45:51.950836,4.98,-8.490028,0.0,0.0,1036.0,15.95139,0.0,False,Short_Circuit,46.666666666666664,-42.28
2026-02-10T21:45:54.416467,0.71,-8.490028,0.0,0.0,1015.0,16.02793,0.0,False,Short_Circuit,46.666666666666664,-6.03
2026-02-10T21:45:56.851287,0.71,-8.490028,0.0,0.0,1015.0,16.02793,0.0,False,Short_Circuit,46.666666666666664,-6.03
2026-02-10T21:45:59.525748,1.35,-8.490028,0.0,0.0,1020.0,15.9256,0.0,False,Short_Circuit,46.666666666666664,-11.46
2026-02-10T21:46:02.113453,1.35,-8.490028,0.0,0.0,1020.0,15.9256,0.0,False,Short_Circuit,46.666666666666664,-11.46
2026-02-10T21:46:04.640032,3.83,-8.489937,0.0,0.0,1023.0,16.05886,0.0,False,Short_Circuit,46.666666666666664,-32.52
2026-02-10T21:46:06.996192,3.83,-8.489937,0.0,0.0,1023.0,16.05886,0.0,False,Short_Circuit,46.666666666666664,-32.52
2026-02-10T21:46:09.265827,0.71,-8.490028,0.0,0.0,1019.0,16.22555,0.0,False,Short_Circuit,46.666666666666664,-6.03
2026-02-10T21:46:12.726416,0.71,-8.490028,0.0,0.0,1019.0,16.22555,0.0,False,Short_Circuit,46.666666666666664,-6.03
2026-02-10T21:46:15.235968,1.305,-8.490028,0.0,0.0,1023.0,16.21438,0.0,False,Short_Circuit,46.666666666666664,-11.08
2026-02-10T21:46:17.705974,1.305,-8.490028,0.0,0.0,1023.0,16.21438,0.0,False,Short_Circuit,46.666666666666664,-11.08
2026-02-10T21:46:20.164979,5.65,-8.490028,0.0,0.0,1040.0,16.11257,0.0,False,Short_Circuit,46.666666666666664,-47.97
2026-02-10T21:46:22.554253,5.65,-8.490028,0.0,0.0,1040.0,16.11257,0.0,False,Short_Circuit,46.666666666666664,-47.97
2026-02-10T21:46:25.020709,0.71,-8.490028,0.0,0.0,1034.0,16.25474,0.0,False,Short_Circuit,46.666666666666664,-6.03
2026-02-10T21:46:27.715919,0.71,-8.490028,0.0,0.0,1034.0,16.25474,0.0,False,Short_Circuit,46.666666666666664,-6.03
2026-02-10T21:46:29.984617,0.83,-8.489882,0.0,0.0,1035.0,15.86666,0.0,False,Short_Circuit,46.666666666666664,-7.05
2026-02-10T21:46:32.383494,0.83,-8.489882,0.0,0.0,1035.0,15.86666,0.0,False,Short_Circuit,46.666666666666664,-7.05
2026-02-10T21:46:34.847510,6.845,-8.490028,0.0,0.0,1035.0,16.13923,0.0,False,Open_Circuit,90.10582010582009,-58.11
2026-02-10T21:46:37.919110,6.845,-8.490028,0.0,0.0,1035.0,16.13923,0.0,False,Open_Circuit,90.1058201058201,-58.11
2026-02-10T21:46:40.336871,2.435,-8.490028,0.0,0.0,1040.0,16.29594,0.0,False,Short_Circuit,46.666666666666664,-20.67
2026-02-10T21:46:42.946049,2.435,-8.490028,0.0,0.0,1040.0,16.29594,0.0,False,Short_Circuit,46.666666666666664,-20.67
2026-02-10T21:46:45.407169,0.71,-8.490028,0.0,0.0,1023.0,16.20836,0.0,False,Short_Circuit,46.666666666666664,-6.03
2026-02-10T21:46:47.994654,0.71,-8.490028,0.0,0.0,1023.0,16.20836,0.0,False,Short_Circuit,46.666666666666664,-6.03
2026-02-10T21:46:50.516785,0.885,-8.490028,0.0,0.0,1036.0,16.20106,0.0,False,Short_Circuit,46.666666666666664,-7.51
2026-02-10T21:46:53.084687,0.885,-8.490028,0.0,0.0,1036.0,16.20106,0.0,False,Short_Circuit,46.666666666666664,-7.51
2026-02-10T21:46:55.344038,6.755,-8.490028,0.0,0.0,1009.0,15.97118,0.0,False,Open_Circuit,90.1058201058201,-57.35
2026-02-10T21:46:57.591413,6.755,-8.490028,0.0,0.0,1009.0,15.97118,0.0,False,Open_Circuit,90.1058201058201,-57.35
2026-02-10T21:47:00.188873,2.6,-8.490028,0.0,0.0,1066.0,16.12633,0.0,False,Short_Circuit,46.666666666666664,-22.07
2026-02-10T21:47:02.698710,2.6,-8.490028,0.0,0.0,1066.0,16.12633,0.0,False,Short_Circuit,46.666666666666664,-22.07
2026-02-10T21:47:05.204752,0.71,-8.490028,0.0,0.0,1021.0,16.0421,0.0,False,Short_Circuit,46.666666666666664,-6.03
2026-02-10T21:47:07.826916,0.71,-8.490028,0.0,0.0,1021.0,16.0421,0.0,False,Short_Circuit,46.666666666666664,-6.03
2026-02-10T21:47:10.491405,0.71,-8.490028,0.0,0.0,1006.0,15.91957,0.0,False,Short_Circuit,46.666666666666664,-6.03
2026-02-10T21:47:13.474681,0.71,-8.490028,0.0,0.0,1006.0,15.91957,0.0,False,Short_Circuit,46.666666666666664,-6.03
2026-02-10T21:47:15.735928,1.37,-8.490028,0.0,0.0,1040.0,16.11,0.0,False,Short_Circuit,46.666666666666664,-11.63
2026-02-10T21:47:18.003745,1.37,-8.490028,0.0,0.0,1040.0,16.11,0.0,False,Short_Circuit,46.666666666666664,-11.63
2026-02-10T21:47:20.408648,5.63,-8.490028,0.0,0.0,1033.0,16.15168,0.0,False,Short_Circuit,46.666666666666664,-47.8
2026-02-10T21:47:22.876751,5.63,-8.490028,0.0,0.0,1033.0,16.15168,0.0,False,Short_Circuit,46.666666666666664,-47.8
2026-02-10T21:47:26.255026,4.275,-8.490028,0.0,0.0,1036.0,15.90065,0.0,False,Short_Circuit,46.666666666666664,-36.29
2026-02-10T21:47:28.725749,1.375,-8.490028,0.0,0.0,1023.0,16.29252,0.0,False,Short_Circuit,46.666666666666664,-11.67
2026-02-10T21:47:31.187646,1.375,-8.490028,0.0,0.0,1023.0,16.29252,0.0,False,Short_Circuit,46.666666666666664,-11.67
2026-02-10T21:47:33.632820,0.71,-8.490028,0.0,0.0,1040.0,16.16713,0.0,False,Short_Circuit,46.666666666666664,-6.03
2026-02-10T21:47:38.669811,0.71,-8.490028,0.0,0.0,1040.0,16.16713,0.0,False,Short_Circuit,46.666666666666664,-6.03
2026-02-10T21:47:41.159635,0.71,-8.490028,0.0,0.0,1046.0,16.13235,0.0,False,Short_Circuit,46.666666666666664,-6.03
2026-02-10T21:47:43.697697,1.36,-8.490028,0.0,0.0,1008.0,15.93893,0.0,False,Short_Circuit,46.666666666666664,-11.55
2026-02-10T21:47:46.034990,1.36,-8.490028,0.0,0.0,1008.0,15.93893,0.0,False,Short_Circuit,46.666666666666664,-11.55
2026-02-10T21:47:48.266528,9.115,-8.489909,0.0,0.0,976.0,16.12504,0.0,False,Open_Circuit,90.1058201058201,-77.39
2026-02-10T21:47:50.512945,9.115,-8.489909,0.0,0.0,976.0,16.12504,0.0,False,Open_Circuit,90.1058201058201,-77.39
2026-02-10T21:47:53.047971,9.115,-8.489909,0.0,0.0,976.0,16.12504,0.0,False,Open_Circuit,90.1058201058201,-77.39
2026-02-10T21:47:55.540007,12.55,-8.490028,0.0,0.0,891.0,16.06574,0.0,False,Open_Circuit,90.10582010582009,-106.55
2026-02-10T21:47:57.818708,12.55,-8.490028,0.0,0.0,891.0,16.06574,0.0,False,Open_Circuit,90.1058201058201,-106.55
2026-02-10T21:48:00.026898,12.55,-8.490028,0.0,0.0,891.0,16.06574,0.0,False,Open_Circuit,90.1058201058201,-106.55
2026-02-10T21:48:02.293719,12.55,-8.490028,0.0,0.0,891.0,16.06574,0.0,False,Open_Circuit,90.1058201058201,-106.55
2026-02-10T21:48:04.656758,12.55,-8.490028,0.0,0.0,891.0,16.06574,0.0,False,Open_Circuit,90.1058201058201,-106.55
2026-02-10T21:48:07.075967,12.55,-8.490028,0.0,0.0,891.0,16.06574,0.0,False,Open_Circuit,90.1058201058201,-106.55
2026-02-10T21:48:09.665080,12.55,-8.490028,0.0,0.0,891.0,16.06574,0.0,False,Open_Circuit,90.1058201058201,-106.55
2026-02-10T21:48:12.194931,12.55,-8.490028,0.0,0.0,891.0,16.06574,0.0,False,Open_Circuit,90.1058201058201,-106.55
2026-02-10T21:48:14.680338,12.55,-8.490028,0.0,0.0,891.0,16.06574,0.0,False,Open_Circuit,90.1058201058201,-106.55
2026-02-10T21:48:17.365017,12.55,-8.490028,0.0,0.0,891.0,16.06574,0.0,False,Open_Circuit,90.1058201058201,-106.55
